{"train/grad_norm":0.10291404277086258,"_step":132,"train/loss":0.056,"train/global_step":6390,"eval/exact_match":69.58333333333333,"train/learning_rate":2.1387584767866459e-07,"total_flos":7.119444583978445e+16,"train_runtime":6535.2771,"train_steps_per_second":0.978,"_runtime":6766,"train_loss":0.28477517845858247,"_wandb":{"runtime":6766},"eval/f1":77.01337782587784,"train_samples_per_second":15.64,"_timestamp":1.7653106531711922e+09,"train/epoch":3}