{"eval/exact_match":69.16666666666667,"train_samples_per_second":15.284,"train/learning_rate":1.0690423162583519e-06,"train/global_step":1497,"train_loss":0.7112207001817967,"_wandb":{"runtime":1798},"train/grad_norm":10.77697467803955,"_timestamp":1.7652976049075077e+09,"train_steps_per_second":0.956,"total_flos":1.6670754862193664e+16,"train_runtime":1565.9621,"_step":34,"train/epoch":3,"train/loss":0.1483,"_runtime":1798,"eval/f1":76.76510179635183}