{"_runtime":863,"train/loss":0.2461,"train/grad_norm":22.48394775390625,"_wandb":{"runtime":863},"train/epoch":0.9872751206669592,"train/learning_rate":2.2369575816674793e-05,"train/global_step":2250,"_step":45,"_timestamp":1.765357177419211e+09}