{"train/learning_rate":7.060572277963583e-07,"train/epoch":3,"_step":33,"train_steps_per_second":4.215,"_runtime":711,"total_flos":1.6650787661862912e+16,"eval/f1":77.59672619047622,"_wandb":{"runtime":711},"train/loss":0.148,"train_samples_per_second":33.695,"train/global_step":2991,"train_loss":0.4717175526110395,"train_runtime":709.5964,"_timestamp":1.7651660069268785e+09,"train/grad_norm":11.543105125427246,"eval/exact_match":68.75}